<code_scheme name="Default" version="173">
  <DB2CodeStyleSettings version="2">
    <option name="USE_GENERIC_STYLE" value="true" />
  </DB2CodeStyleSettings>
  <DerbyCodeStyleSettings version="2">
    <option name="USE_GENERIC_STYLE" value="true" />
  </DerbyCodeStyleSettings>
  <H2CodeStyleSettings version="2">
    <option name="USE_GENERIC_STYLE" value="true" />
  </H2CodeStyleSettings>
  <HSQLCodeStyleSettings version="2">
    <option name="USE_GENERIC_STYLE" value="true" />
  </HSQLCodeStyleSettings>
  <JavaCodeStyleSettings>
    <option name="CLASS_COUNT_TO_USE_IMPORT_ON_DEMAND" value="100" />
    <option name="NAMES_COUNT_TO_USE_IMPORT_ON_DEMAND" value="100" />
  </JavaCodeStyleSettings>
  <MSSQLCodeStyleSettings version="2">
    <option name="USE_GENERIC_STYLE" value="true" />
  </MSSQLCodeStyleSettings>
  <MySQLCodeStyleSettings version="2">
    <option name="USE_GENERIC_STYLE" value="true" />
    <option name="KEYWORD_CASE" value="0" />
    <option name="TYPE_CASE" value="0" />
  </MySQLCodeStyleSettings>
  <OracleCodeStyleSettings version="2">
    <option name="USE_GENERIC_STYLE" value="true" />
  </OracleCodeStyleSettings>
  <PostgresCodeStyleSettings version="2">
    <option name="USE_GENERIC_STYLE" value="true" />
  </PostgresCodeStyleSettings>
  <SQLiteCodeStyleSettings version="2">
    <option name="USE_GENERIC_STYLE" value="true" />
  </SQLiteCodeStyleSettings>
  <SqlCodeStyleSettings version="2">
    <option name="KEYWORD_CASE" value="0" />
    <option name="TYPE_CASE" value="0" />
  </SqlCodeStyleSettings>
  <SybaseCodeStyleSettings version="2">
    <option name="USE_GENERIC_STYLE" value="true" />
  </SybaseCodeStyleSettings>
</code_scheme>