<application>
  <component name="FileTypeManager" version="17">
    <extensionMap>
      <mapping pattern="Jenkinsfile" type="Groovy" />
      <mapping ext="jenkinsfile" type="Groovy" />
      <mapping pattern="test" type="PLAIN_TEXT" />
      <mapping pattern="notes" type="PLAIN_TEXT" />
      <mapping pattern="myProperties" type="PLAIN_TEXT" />
      <mapping ext="mockmaker" type="PLAIN_TEXT" />
      <mapping ext="avsc" type="PLAIN_TEXT" />
      <mapping ext="exec" type="PLAIN_TEXT" />
      <removed_mapping ext="cmd" approved="true" type="PLAIN_TEXT" />
      <removed_mapping ext="bat" approved="true" type="PLAIN_TEXT" />
      <removed_mapping ext="log" approved="true" type="PLAIN_TEXT" />
      <mapping pattern=".bashrc" type="Shell Script" />
      <removed_mapping ext="bat" approved="true" type="PLAIN_TEXT" />
      <removed_mapping ext="log" approved="true" type="PLAIN_TEXT" />
      <removed_mapping ext="dockerfile" approved="true" type="textmate" />
      <removed_mapping ext="makefile" approved="true" type="textmate" />
      <removed_mapping ext="cmd" approved="true" type="PLAIN_TEXT" />
      <removed_mapping ext="snakefile" approved="true" type="textmate" />
    </extensionMap>
  </component>
</application>