<keymap version="1" name="Alex's Personal Layout" parent="Eclipse (Mac OS X)">
  <action id="ActivateDatabaseToolWindow">
    <keyboard-shortcut first-keystroke="meta quote" />
  </action>
  <action id="ActivateServicesToolWindow">
    <keyboard-shortcut first-keystroke="meta 8" />
    <keyboard-shortcut first-keystroke="meta back_slash" />
  </action>
  <action id="ActivateTerminalToolWindow" />
  <action id="Arrangement.Alias.Rule.Match.Condition.Move.Up" />
  <action id="Arrangement.Rule.Match.Condition.Move.Down" />
  <action id="Arrangement.Rule.Match.Condition.Move.Up" />
  <action id="AutoIndentLines" />
  <action id="Back">
    <keyboard-shortcut first-keystroke="meta open_bracket" />
  </action>
  <action id="ChangesView.Diff" />
  <action id="ChangesView.Move" />
  <action id="ChangesView.ShelveSilently" />
  <action id="ChooseRunConfiguration">
    <keyboard-shortcut first-keystroke="ctrl enter" />
  </action>
  <action id="CollapseAllRegions">
    <keyboard-shortcut first-keystroke="ctrl p" />
  </action>
  <action id="CollapseExpandableComponent">
    <keyboard-shortcut first-keystroke="meta subtract" />
    <keyboard-shortcut first-keystroke="meta minus" />
  </action>
  <action id="CollapseRegion">
    <keyboard-shortcut first-keystroke="meta subtract" />
  </action>
  <action id="CollapseRegionRecursively">
    <keyboard-shortcut first-keystroke="meta alt subtract" />
    <keyboard-shortcut first-keystroke="meta alt minus" />
    <keyboard-shortcut first-keystroke="meta up" />
  </action>
  <action id="CommentByBlockComment">
    <keyboard-shortcut first-keystroke="meta alt slash" />
  </action>
  <action id="CommentByLineComment">
    <keyboard-shortcut first-keystroke="meta slash" />
  </action>
  <action id="Compare.SameVersion">
    <keyboard-shortcut first-keystroke="shift meta k" />
    <keyboard-shortcut first-keystroke="shift ctrl meta alt u" />
  </action>
  <action id="CompareTwoFiles" />
  <action id="CompileDirty" />
  <action id="Console.Execute.Multiline">
    <keyboard-shortcut first-keystroke="ctrl numpad1" />
    <keyboard-shortcut first-keystroke="meta enter" />
  </action>
  <action id="Console.History.Browse">
    <keyboard-shortcut first-keystroke="meta alt e" />
    <keyboard-shortcut first-keystroke="ctrl s" />
  </action>
  <action id="Console.TableResult.EditValueMaximized">
    <keyboard-shortcut first-keystroke="shift alt enter" />
  </action>
  <action id="Console.TableResult.RenameTab">
    <keyboard-shortcut first-keystroke="meta r" />
    <keyboard-shortcut first-keystroke="ctrl r" />
  </action>
  <action id="CopyPaths" />
  <action id="DebugClass">
    <keyboard-shortcut first-keystroke="shift ctrl d" />
    <keyboard-shortcut first-keystroke="meta d" />
  </action>
  <action id="Debugger.EvaluateInConsole">
    <keyboard-shortcut first-keystroke="meta numpad3" />
    <keyboard-shortcut first-keystroke="meta enter" />
  </action>
  <action id="Debugger.Tree.EvaluateInConsole">
    <keyboard-shortcut first-keystroke="meta enter" />
  </action>
  <action id="DecrementWindowHeight" />
  <action id="Diff.ApplyLeftSide" />
  <action id="Diff.ApplyRightSide" />
  <action id="Diff.ShowDiff" />
  <action id="DirDiffMenu.SynchronizeDiff.All" />
  <action id="DuplicatesForm.SendToLeft" />
  <action id="DuplicatesForm.SendToRight" />
  <action id="Editor Paste">
    <keyboard-shortcut first-keystroke="meta v" />
  </action>
  <action id="Editor SelectAll">
    <keyboard-shortcut first-keystroke="meta a" />
  </action>
  <action id="Editor Undo">
    <keyboard-shortcut first-keystroke="meta z" />
  </action>
  <action id="EditorAddOrRemoveCaret">
    <mouse-shortcut keystroke="shift alt button1" />
    <mouse-shortcut keystroke="alt button1" />
  </action>
  <action id="EditorChooseLookupItemDot" />
  <action id="EditorCloneCaretBelow">
    <keyboard-shortcut first-keystroke="ctrl w" />
  </action>
  <action id="EditorCodeBlockEnd">
    <keyboard-shortcut first-keystroke="shift ctrl p" />
  </action>
  <action id="EditorCreateRectangularSelectionOnMouseDrag">
    <mouse-shortcut keystroke="button2" />
  </action>
  <action id="EditorCutLineEnd" />
  <action id="EditorDeleteLine">
    <keyboard-shortcut first-keystroke="ctrl d" />
  </action>
  <action id="EditorDown">
    <keyboard-shortcut first-keystroke="down" />
    <keyboard-shortcut first-keystroke="alt down" />
  </action>
  <action id="EditorDownWithSelection">
    <keyboard-shortcut first-keystroke="shift down" />
    <keyboard-shortcut first-keystroke="shift alt down" />
    <keyboard-shortcut first-keystroke="shift meta down" />
  </action>
  <action id="EditorDuplicateLines">
    <keyboard-shortcut first-keystroke="ctrl c" />
  </action>
  <action id="EditorIndentLineOrSelection">
    <keyboard-shortcut first-keystroke="meta i" />
  </action>
  <action id="EditorLineEnd">
    <keyboard-shortcut first-keystroke="end" />
    <keyboard-shortcut first-keystroke="meta right" />
  </action>
  <action id="EditorLineStart">
    <keyboard-shortcut first-keystroke="home" />
    <keyboard-shortcut first-keystroke="meta left" />
  </action>
  <action id="EditorLookupDown" />
  <action id="EditorLookupUp" />
  <action id="EditorMatchBrace" />
  <action id="EditorMoveDownAndScroll">
    <keyboard-shortcut first-keystroke="meta alt down" />
  </action>
  <action id="EditorMoveUpAndScroll">
    <keyboard-shortcut first-keystroke="meta alt up" />
  </action>
  <action id="EditorPasteSimple" />
  <action id="EditorRight">
    <keyboard-shortcut first-keystroke="right" />
  </action>
  <action id="EditorSplitLine" />
  <action id="EditorStartNewLine" />
  <action id="EditorUnindentSelection">
    <keyboard-shortcut first-keystroke="meta u" />
  </action>
  <action id="EditorUp">
    <keyboard-shortcut first-keystroke="up" />
    <keyboard-shortcut first-keystroke="alt up" />
  </action>
  <action id="EditorUpWithSelection">
    <keyboard-shortcut first-keystroke="shift up" />
    <keyboard-shortcut first-keystroke="shift alt up" />
    <keyboard-shortcut first-keystroke="shift meta up" />
  </action>
  <action id="EvaluateExpression" />
  <action id="Exit" />
  <action id="ExpandAllRegions">
    <keyboard-shortcut first-keystroke="ctrl o" />
  </action>
  <action id="ExpandExpandableComponent">
    <keyboard-shortcut first-keystroke="meta add" />
    <keyboard-shortcut first-keystroke="meta equals" />
  </action>
  <action id="ExpandRegion">
    <keyboard-shortcut first-keystroke="meta add" />
  </action>
  <action id="ExpandRegionRecursively">
    <keyboard-shortcut first-keystroke="meta alt add" />
    <keyboard-shortcut first-keystroke="meta alt equals" />
    <keyboard-shortcut first-keystroke="meta down" />
  </action>
  <action id="ExpandTreeNode" />
  <action id="ExportToTextFile" />
  <action id="ExtractMethod" />
  <action id="FileChooser.GotoDesktop" />
  <action id="FileChooser.GotoHome" />
  <action id="FileChooser.GotoModule" />
  <action id="FileChooser.GotoProject" />
  <action id="Find">
    <keyboard-shortcut first-keystroke="meta f" />
  </action>
  <action id="FindInPath">
    <keyboard-shortcut first-keystroke="meta 1" />
  </action>
  <action id="FindPrevious" />
  <action id="Generate">
    <keyboard-shortcut first-keystroke="meta g" />
  </action>
  <action id="GotoAction" />
  <action id="GotoDeclaration">
    <mouse-shortcut keystroke="meta button1" />
  </action>
  <action id="GotoFile">
    <keyboard-shortcut first-keystroke="meta 2" />
  </action>
  <action id="GotoImplementation">
    <mouse-shortcut keystroke="meta alt button1" />
  </action>
  <action id="GotoRelated" />
  <action id="GotoSuperMethod">
    <mouse-shortcut keystroke="meta alt button3" />
  </action>
  <action id="GotoSymbol" />
  <action id="Groovy.Console">
    <keyboard-shortcut first-keystroke="meta alt o" />
  </action>
  <action id="Groovy.Shell.Execute">
    <keyboard-shortcut first-keystroke="ctrl numpad1" />
  </action>
  <action id="HideAllWindows">
    <keyboard-shortcut first-keystroke="shift enter" />
  </action>
  <action id="HippieCompletion" />
  <action id="Images.Editor.ActualSize">
    <keyboard-shortcut first-keystroke="meta divide" />
  </action>
  <action id="Images.Editor.ToggleGrid" />
  <action id="IncrementWindowHeight" />
  <action id="IncrementalSearch" />
  <action id="JumpToLastChange" />
  <action id="MethodOverloadSwitchDown" />
  <action id="MethodOverloadSwitchUp" />
  <action id="MoveLineDown">
    <keyboard-shortcut first-keystroke="ctrl meta down" />
  </action>
  <action id="MoveLineUp">
    <keyboard-shortcut first-keystroke="ctrl meta up" />
  </action>
  <action id="MoveStatementDown" />
  <action id="MoveStatementUp" />
  <action id="NavBar-selectEnd">
    <keyboard-shortcut first-keystroke="end" />
    <keyboard-shortcut first-keystroke="meta right" />
  </action>
  <action id="NewElement">
    <keyboard-shortcut first-keystroke="meta n" />
  </action>
  <action id="OpenElementInNewWindow" />
  <action id="PrevParameter" />
  <action id="PrevTemplateParameter" />
  <action id="PreviousTemplateVariable" />
  <action id="QuickEvaluateExpression">
    <keyboard-shortcut first-keystroke="meta alt f8" />
  </action>
  <action id="QuickImplementations">
    <keyboard-shortcut first-keystroke="ctrl a" />
  </action>
  <action id="QuickJavaDoc">
    <keyboard-shortcut first-keystroke="ctrl z" />
  </action>
  <action id="RecentFiles" />
  <action id="ReformatCode">
    <keyboard-shortcut first-keystroke="meta j" />
    <keyboard-shortcut first-keystroke="ctrl y" />
  </action>
  <action id="RenameElement" />
  <action id="ResizeToolWindowDown" />
  <action id="ResizeToolWindowUp" />
  <action id="RunClass">
    <keyboard-shortcut first-keystroke="meta e" />
  </action>
  <action id="RunDashboard.ShowConfigurations" />
  <action id="RunToCursor" />
  <action id="SearchEverywhere.NavigateToNextGroup">
    <keyboard-shortcut first-keystroke="page_down" />
  </action>
  <action id="SearchEverywhere.NavigateToPrevGroup">
    <keyboard-shortcut first-keystroke="page_up" />
  </action>
  <action id="SearchEverywhere.PrevTab" />
  <action id="SelectAllOccurrences">
    <keyboard-shortcut first-keystroke="ctrl meta g" />
    <keyboard-shortcut first-keystroke="ctrl e" />
  </action>
  <action id="SelectNextOccurrence">
    <keyboard-shortcut first-keystroke="ctrl q" />
  </action>
  <action id="SendEOF" />
  <action id="ShelvedChanges.Rename" />
  <action id="ShowContent" />
  <action id="ShowIntentionActions">
    <keyboard-shortcut first-keystroke="meta 3" />
  </action>
  <action id="ShowUsages">
    <mouse-shortcut keystroke="meta button3" />
  </action>
  <action id="SmartTypeCompletion">
    <keyboard-shortcut first-keystroke="alt space" />
  </action>
  <action id="SplitHorizontally">
    <keyboard-shortcut first-keystroke="ctrl h" />
  </action>
  <action id="SplitVertically">
    <keyboard-shortcut first-keystroke="ctrl v" />
  </action>
  <action id="StructuralSearchPlugin.StructuralSearchAction">
    <keyboard-shortcut first-keystroke="ctrl j" />
  </action>
  <action id="Terminal.OpenInTerminal">
    <keyboard-shortcut first-keystroke="shift meta open_bracket" />
  </action>
  <action id="TodoViewGroupByFlattenPackage" />
  <action id="ToggleFullScreen" />
  <action id="UsageGrouping.FileStructure" />
  <action id="Vcs.MoveChangedLinesToChangelist" />
  <action id="Vcs.Push" />
  <action id="Vcs.QuickListPopupAction" />
  <action id="Vcs.ReformatCommitMessage" />
  <action id="Vcs.ShowMessageHistory" />
  <action id="ViewBreakpoints">
    <keyboard-shortcut first-keystroke="shift meta f8" />
    <keyboard-shortcut first-keystroke="meta b" />
  </action>
  <action id="ViewSource" />
  <action id="openAssertEqualsDiff" />
</keymap>