<application>
  <component name="FileTypeManager" version="18">
    <extensionMap>
      <mapping pattern="RTAServiceClientTest" type="AUTO_DETECTED" />
      <mapping pattern="*enkinsfile*" type="Groovy" />
      <mapping pattern="Jenkinsfile" type="Groovy" />
      <mapping ext="jenkinsfile" type="Groovy" />
      <mapping ext="space.kts" type="Kotlin" />
      <mapping ext="gradle.kts" type="Kotlin" />
      <mapping ext="main.kts" type="Kotlin" />
      <mapping pattern="temp" type="PLAIN_TEXT" />
      <mapping pattern="notes" type="PLAIN_TEXT" />
      <mapping pattern="test" type="PLAIN_TEXT" />
      <mapping pattern="myProperties" type="PLAIN_TEXT" />
      <mapping ext="mockmaker" type="PLAIN_TEXT" />
      <mapping ext="avsc" type="PLAIN_TEXT" />
      <mapping ext="exec" type="PLAIN_TEXT" />
      <mapping pattern=".bashrc" type="Shell Script" />
      <removed_mapping ext="apk" approved="true" type="ARCHIVE" />
      <removed_mapping ext="bat" approved="true" type="PLAIN_TEXT" />
      <removed_mapping ext="cmd" approved="true" type="PLAIN_TEXT" />
      <removed_mapping ext="dockerfile" approved="true" type="textmate" />
      <removed_mapping ext="log" approved="true" type="PLAIN_TEXT" />
      <removed_mapping ext="makefile" approved="true" type="textmate" />
      <removed_mapping ext="psd" approved="true" type="Image" />
      <removed_mapping ext="snakefile" approved="true" type="textmate" />
      <removed_mapping ext="txt" approved="true" type="Shell Script" />
    </extensionMap>
  </component>
</application>