<application>
  <component name="ProjectManager">
    <defaultProject>
      <component name="DefaultGradleProjectSettings">
        <option name="isMigrated" value="true" />
      </component>
      <component name="GradleLocalSettings">
        <option name="projectSyncType">
          <map>
            <entry key="$USER_HOME$/Documents/git/dedup" value="PREVIEW" />
            <entry key="$USER_HOME$/Documents/git/rta" value="PREVIEW" />
            <entry key="$USER_HOME$/Documents/work_projects/callback" value="PREVIEW" />
            <entry key="$USER_HOME$/Documents/work_projects/gds" value="PREVIEW" />
            <entry key="$USER_HOME$/Documents/work_projects/media" value="PREVIEW" />
            <entry key="$USER_HOME$/Documents/work_projects/nexmo-common" value="PREVIEW" />
            <entry key="$USER_HOME$/Documents/work_projects/reports_copy" value="PREVIEW" />
          </map>
        </option>
      </component>
      <component name="MavenImportPreferences">
        <option name="generalSettings">
          <MavenGeneralSettings>
            <option name="mavenHome" value="$APPLICATION_HOME_DIR$/plugins/maven/lib/maven3" />
          </MavenGeneralSettings>
        </option>
      </component>
      <component name="ProjectViewState">
        <option name="autoscrollToSource" value="true" />
        <option name="hideEmptyMiddlePackages" value="true" />
        <option name="showLibraryContents" value="true" />
      </component>
      <component name="PropertiesComponent">
        <property name="settings.editor.selected.configurable" value="configurable.group.appearance" />
      </component>
      <component name="masterDetails">
        <states>
          <state key="ProjectJDKs.UI">
            <settings>
              <last-edited>1.8</last-edited>
              <splitter-proportions>
                <option name="proportions">
                  <list>
                    <option value="0.2" />
                  </list>
                </option>
              </splitter-proportions>
            </settings>
          </state>
        </states>
      </component>
    </defaultProject>
  </component>
</application>