<application>
  <component name="ProjectJdkTable">
    <jdk version="2">
      <name value="Python 3.7 (qatests-56IIr-1M)" />
      <type value="Python SDK" />
      <version value="Python 3.7.3" />
      <homePath value="$USER_HOME$/.local/share/virtualenvs/qatests-56IIr-1M/bin/python" />
      <roots>
        <classPath>
          <root type="composite">
            <root url="file://$USER_HOME$/.pyenv/versions/3.7.3/lib/python3.7" type="simple" />
            <root url="file://$USER_HOME$/.pyenv/versions/3.7.3/lib/python3.7/lib-dynload" type="simple" />
            <root url="file://$USER_HOME$/.local/share/virtualenvs/qatests-56IIr-1M/lib/python3.7/site-packages" type="simple" />
            <root url="file://$USER_HOME$/Library/Caches/JetBrains/PyCharm2020.1/python_stubs/1493198448" type="simple" />
            <root url="file://$APPLICATION_HOME_DIR$/plugins/python/helpers/python-skeletons" type="simple" />
            <root url="file://$APPLICATION_HOME_DIR$/plugins/python/helpers/typeshed/stdlib/3.7" type="simple" />
            <root url="file://$APPLICATION_HOME_DIR$/plugins/python/helpers/typeshed/stdlib/3" type="simple" />
            <root url="file://$APPLICATION_HOME_DIR$/plugins/python/helpers/typeshed/stdlib/2and3" type="simple" />
            <root url="file://$APPLICATION_HOME_DIR$/plugins/python/helpers/typeshed/third_party/3" type="simple" />
            <root url="file://$APPLICATION_HOME_DIR$/plugins/python/helpers/typeshed/third_party/2and3" type="simple" />
          </root>
        </classPath>
        <sourcePath>
          <root type="composite" />
        </sourcePath>
      </roots>
      <additional ASSOCIATED_PROJECT_PATH="$USER_HOME$/_projects_work/qatests" />
    </jdk>
  </component>
</application>