<application>
  <component name="UISettings">
    <option name="CLOSE_TAB_BUTTON_ON_THE_RIGHT" value="false" />
    <option name="DISABLE_MNEMONICS" value="false" />
    <option name="EDITOR_TAB_LIMIT" value="50" />
    <option name="EDITOR_TAB_PLACEMENT" value="2" />
    <option name="HIDE_TABS_IF_NEED" value="false" />
    <option name="IDE_AA_TYPE" value="Greyscale" />
    <option name="OVERRIDE_NONIDEA_LAF_FONTS" value="true" />
    <option name="SCROLL_TAB_LAYOUT_IN_EDITOR" value="false" />
    <option name="SHOW_DIRECTORY_FOR_NON_UNIQUE_FILENAMES" value="false" />
    <option name="SHOW_NAVIGATION_BAR" value="false" />
    <option name="SHOW_STATUS_BAR" value="false" />
    <option name="smoothScrolling" value="false" />
  </component>
</application>