<application>
  <component name="UISettings">
    <option name="DISABLE_MNEMONICS" value="false" />
    <option name="EDITOR_TAB_LIMIT" value="50" />
    <option name="EDITOR_TAB_PLACEMENT" value="2" />
    <option name="HIDE_KNOWN_EXTENSION_IN_TABS" value="true" />
    <option name="HIDE_TABS_IF_NEED" value="false" />
    <option name="OVERRIDE_NONIDEA_LAF_FONTS" value="true" />
    <option name="SCROLL_TAB_LAYOUT_IN_EDITOR" value="false" />
    <option name="SHOW_CLOSE_BUTTON" value="false" />
    <option name="SHOW_DIRECTORY_FOR_NON_UNIQUE_FILENAMES" value="false" />
    <option name="SHOW_NAVIGATION_BAR" value="false" />
    <option name="SHOW_STATUS_BAR" value="false" />
    <option name="smoothScrolling" value="false" />
    <option name="USE_SMALL_LABELS_ON_TABS" value="false" />
  </component>
</application>